category_context,record_count,gross_sales,net_sales,gross_to_net_reduction,discount_reduction,refund_reduction,repayment_recovery,validated_margin_record_count,validated_net_sales,validated_cogs,validated_gross_profit,validated_weighted_margin_pct,missing_profitability_record_count,missing_profitability_sales_exposure,zero_cogs_record_count,zero_cogs_sales_exposure,configuration_anomaly_record_count,configuration_anomaly_sales_exposure,absolute_configuration_gap,negative_margin_record_count,absolute_negative_gross_profit,low_margin_record_count,low_margin_sales_associated,manual_negative_adjustment_count,manual_negative_adjustment_amount,catalog_actionable_record_count,catalog_actionable_sales_associated,label_standardization_record_count,critical_finding_record_count,high_finding_record_count,positive_sales_outside_validated_margin,outside_validated_margin_pct_of_category_sales,catalog_actionable_sales_pct_of_category_sales,category_priority_amount,category_priority_rank
2. Restaurant,140,743874.55,734953.4299999999,8921.120000000019,8520.35,597.3199999999999,196.55,101,672278.5799999998,263449.06999999995,408829.5099999999,60.81251465724223,17,17371.29,17,45303.56,0,0.0,0.0,1,12.74,5,2746.62,0,0.0,4,708.31,0,19,55,62674.85,8.52773079785477,0.09637481384364721,72304.28000000001,1
1.03 Beverages,212,104712.95999999999,100948.73000000001,3764.230000000001,3536.4500000000003,230.27,2.49,151,60230.770000000004,38097.43,22133.340000000004,36.747562749073275,41,27530.48,20,13187.48,0,0.0,0.0,3,104.24000000000001,5,3423.79,0,0.0,14,9176.400000000001,1,28,47,40717.96,40.33528703134749,9.090158935134697,53658.590000000004,2
1.25 Sweets & Candies,292,93930.5,91331.85,2598.65,2482.5899999999997,116.05999999999999,0.0,205,76632.91,47675.240000000005,28957.67,37.787511918834866,77,12665.720000000001,9,1520.49,1,512.73,2.2400000000000375,6,83.13,12,1580.22,0,0.0,39,8891.12,4,11,60,14698.94,16.09399130752306,9.734961024002033,26188.71,3
3.Coffee160,56,31900.299999999996,31251.689999999995,648.6100000000006,638.71,9.899999999999999,0.0,22,6409.439999999999,4386.25,2023.1900000000003,31.565784218278054,10,2870.6800000000003,23,21971.57,0,0.0,0.0,0,0.0,7,3192.71,0,0.0,0,0.0,0,9,22,24842.25,79.4909011320668,0.0,25490.86,4
4.Bakery,144,262204.18000000005,255872.75,6331.430000000004,5990.2,341.23,0.0,119,238734.16000000003,117466.06000000001,121268.09000000001,50.79628738509814,11,6731.9800000000005,12,5025.2,2,5381.41,115.47999999999996,4,23.369999999999997,6,875.51,0,0.0,2,468.53,1,3,48,17138.59,6.698091141006614,0.1831105500683445,23938.550000000003,5
1.19 Peppers,17,22969.500000000004,22933.12,36.379999999999484,10.4,25.98,0.0,14,9996.470000000001,5437.45,4559.02,45.606299023555316,2,5741.450000000001,0,0.0,1,7195.2,4332.11,0,0.0,0,0.0,0,0.0,4,9277.28,0,3,1,12936.650000000001,56.41033579382134,40.45363212681048,22250.31,6
1.09 Cookies & Crackers,55,26628.490000000005,25843.810000000005,784.6799999999994,702.72,81.96000000000001,0.0,47,21209.940000000006,13986.390000000001,7223.55,34.0573806432267,8,4633.87,0,0.0,0,0.0,0.0,2,144.98000000000002,1,55.72,0,0.0,5,7544.9800000000005,3,3,7,4633.87,17.930289690258512,29.19453439721155,12963.529999999999,7
1.05 Chips & Snacks,140,90592.43000000001,86592.6,3999.8300000000004,3957.9,41.93,0.0,126,81797.82,52036.71,29761.109999999997,36.383744701264646,9,1942.5,0,0.0,4,2852.2799999999997,1921.2799999999997,5,121.96000000000001,10,6724.719999999999,0,0.0,12,3861.54,2,8,22,4794.78,5.537170612731341,4.459434177978257,12656.150000000001,8
1.10 Dairy,26,62151.26,56940.880000000005,5210.380000000001,5181.13,29.25,0.0,26,56940.880000000005,37968.670000000006,18972.199999999997,33.31911976070619,0,0.0,0,0.0,0,0.0,0.0,0,0.0,2,2078.79,0,0.0,2,1001.0799999999999,0,0,13,0.0,0.0,1.7581041950879575,6211.460000000001,9
Uncategorized,35,6430.409999999999,6297.48,132.92999999999995,38.870000000000005,94.06,0.0,5,1237.5000000000002,825.4899999999999,412.01000000000005,33.29373737373737,12,4225.24,2,926.81,0,0.0,0.0,0,0.0,0,0.0,16,92.07,2,767.55,1,7,17,5152.049999999999,81.8112959469502,12.188208616780045,6052.53,10
1.28 Grains,60,20551.929999999997,20498.079999999998,53.84999999999994,31.369999999999997,22.48,0.0,50,16240.66,10335.099999999999,5905.56,36.36280791544186,6,1857.5500000000002,4,2399.87,0,0.0,0.0,0,0.0,0,0.0,0,0.0,6,1275.62,0,2,7,4257.42,20.769847712566254,6.223119433625003,5586.89,11
1.12 Frozen Products,109,142359.69999999995,139904.06999999995,2455.630000000002,2253.65,201.97999999999996,0.0,107,139344.11999999994,88809.48999999999,50534.63,36.2660656222882,1,274.13,0,0.0,1,285.82,267.32,1,3.14,3,2953.58,0,0.0,2,454.63,0,1,13,559.95,0.4002385348760763,0.32495838041023406,3470.210000000002,12
1.07 Condiments & Spices,103,47283.31999999999,47104.2,179.12,104.67,74.44999999999999,0.0,95,44791.92,26950.82,17841.099999999995,39.83106774614706,8,2312.2799999999997,0,0.0,0,0.0,0.0,1,2.1,1,309.83,0,0.0,1,504.39,0,1,9,2312.2799999999997,4.908861630173105,1.070796234730661,2995.7899999999995,13
1.23 Sauces,129,56739.189999999995,56193.81,545.3799999999999,390.7,154.68,0.0,125,55543.659999999996,35024.63,20519.03,36.94216405616771,4,650.15,0,0.0,0,0.0,0.0,2,42.36,2,278.74,0,0.0,3,828.9300000000001,0,1,11,650.15,1.1569779660784703,1.4751268867514056,2024.4599999999998,14
1.04 Can Products,64,34256.92,34161.009999999995,95.91000000000028,66.95,28.96,0.0,63,33929.3,21127.7,12801.6,37.73022137208843,1,231.71,0,0.0,0,0.0,0.0,0,0.0,0,0.0,0,0.0,3,1252.72,0,0,2,231.71,0.6782879077638514,3.6671046904058175,1580.3400000000004,15
Bakery Frozen Products,6,3856.9,3813.79,43.11000000000007,14.53,28.58,0.0,4,2618.42,1831.8000000000002,786.63,30.04216283102023,2,1195.37,0,0.0,0,0.0,0.0,0,0.0,0,0.0,0,0.0,0,0.0,0,1,1,1195.37,31.34336185264527,0.0,1238.48,16
1.13 Flours,60,29423.160000000003,29034.530000000002,388.6300000000007,323.59,65.04,0.0,59,28698.440000000002,19252.289999999997,9446.149999999998,32.91520375323535,1,336.09,0,0.0,0,0.0,0.0,0,0.0,2,184.56,0,0.0,3,435.59000000000003,0,0,4,336.09,1.1575527483999224,1.5002481528028866,1160.3100000000009,17
1.15 Instant Powder,33,8059.37,7774.4400000000005,284.93000000000006,284.93,0.0,0.0,33,7774.4400000000005,5140.86,2633.5800000000004,33.87485143624493,0,0.0,0,0.0,0,0.0,0.0,1,5.83,0,0.0,0,0.0,5,548.39,0,0,1,0.0,0.0,7.053755640277627,833.32,18
"1.06 Coffee, Cocoa, Panela, Butter",52,54045.22,53474.67,570.5500000000009,469.59999999999997,100.94999999999999,0.0,51,53403.3,33140.99,20262.31,37.942056015264974,1,71.37,0,0.0,0,0.0,0.0,1,7.42,2,1210.9,0,0.0,0,0.0,0,0,6,71.37,0.13346505925141755,0.0,641.9200000000009,19
1.14 Herbal Teas,37,22542.900000000005,22446.260000000002,96.64000000000033,96.63999999999999,0.0,0.0,35,22014.74,12344.73,9670.01,43.92516105118661,2,431.52,0,0.0,0,0.0,0.0,0,0.0,1,11.99,0,0.0,0,0.0,0,0,2,431.52,1.922458351636308,0.0,528.1600000000003,20
1.26 Tortillas,39,73639.12,73252.97,386.14999999999907,362.69,23.46,0.0,38,73121.09,44812.64,28308.449999999997,38.714480322982055,1,131.88,0,0.0,0,0.0,0.0,2,9.8,2,391.8,0,0.0,0,0.0,0,0,4,131.88,0.18003365597326632,0.0,518.0299999999991,21
1.16 Miscelanea,19,5725.119999999999,5662.969999999999,62.15000000000002,62.15,0.0,0.0,16,5333.79,3735.13,1598.66,29.972308621074323,3,329.18,0,0.0,0,0.0,0.0,1,0.16,1,905.4,0,0.0,0,0.0,0,0,4,329.18,5.812850853880561,0.0,391.33000000000004,22
1.08 Brines,23,10947.419999999998,10769.9,177.52000000000004,177.52,0.0,0.0,23,10769.9,6799.050000000001,3970.85,36.86988737128479,0,0.0,0,0.0,0,0.0,0.0,0,0.0,2,494.33000000000004,0,0.0,1,89.94,0,0,1,0.0,0.0,0.8351052470310774,267.46000000000004,23
1.11 Fresh Products,10,10335.12,10311.720000000001,23.399999999999636,3.61,19.79,0.0,8,10131.550000000001,5339.66,4791.889999999999,47.296711756838775,2,180.17000000000002,0,0.0,0,0.0,0.0,0,0.0,0,0.0,0,0.0,0,0.0,0,0,1,180.17000000000002,1.7472351848188274,0.0,203.56999999999965,24
1.22 Refrigerated,18,30472.22,30271.13,201.08999999999992,201.08999999999997,0.0,0.0,18,30271.13,19648.36,10622.77,35.092082786470144,0,0.0,0,0.0,0,0.0,0.0,0,0.0,0,0.0,0,0.0,0,0.0,0,0,1,0.0,0.0,0.0,201.08999999999992,25
1.18 Pasta-Soups,41,11652.56,11606.01,46.55000000000015,46.55,0.0,0.0,39,11564.76,6563.090000000001,5001.670000000001,43.249233014779385,2,41.25,0,0.0,0,0.0,0.0,0,0.0,0,0.0,0,0.0,0,0.0,0,0,1,41.25,0.3554193043087159,0.0,87.80000000000015,26
1.01 Aceites,5,312.78,242.31,70.46999999999997,0.0,70.47,0.0,4,242.31,155.01,87.3,36.02822830258759,0,0.0,0,0.0,0,0.0,0.0,0,0.0,0,0.0,0,0.0,0,0.0,0,0,1,0.0,0.0,0.0,70.46999999999997,27
1.02 Beans,32,13444.490000000002,13389.8,54.690000000000204,34.239999999999995,20.450000000000003,0.0,32,13389.8,8391.26,4998.54,37.33095341229892,0,0.0,0,0.0,0,0.0,0.0,1,1.7,0,0.0,0,0.0,0,0.0,0,0,0,0.0,0.0,0.0,54.690000000000204,28
1.27 Utensils,6,1479.3400000000001,1477.94,1.3999999999999773,1.4,0.0,0.0,6,1477.94,928.59,549.3499999999999,37.16997983679986,0,0.0,0,0.0,0,0.0,0.0,0,0.0,0,0.0,0,0.0,0,0.0,0,0,0,0.0,0.0,0.0,1.3999999999999773,29
5.Gift Cards,1,0.15,0.15,0.0,0.0,0.0,0.0,1,0.15,0.13,0.02,13.333333333333334,0,0.0,0,0.0,0,0.0,0.0,0,0.0,1,0.15,0,0.0,0,0.0,0,0,0,0.0,0.0,0.0,0.0,30
